<?xml version="1.0" ?>
<LOG_ROOT>
	<PROJECT NAME="ljp2">
		<CBX_INST_ENTRY INSTANCE_NAME="|ljp2|mac:inst3|lpm_divide:Div2" CBX_FILE_NAME="lpm_divide_gvo.tdf"/>
		<CBX_INST_ENTRY INSTANCE_NAME="|ljp2|mac:inst3|lpm_divide:Mod1" CBX_FILE_NAME="lpm_divide_jno.tdf"/>
		<CBX_INST_ENTRY INSTANCE_NAME="|ljp2|mac:inst3|lpm_divide:Mod5" CBX_FILE_NAME="lpm_divide_jno.tdf"/>
		<CBX_INST_ENTRY INSTANCE_NAME="|ljp2|mac:inst3|lpm_divide:Div1" CBX_FILE_NAME="lpm_divide_jvo.tdf"/>
		<CBX_INST_ENTRY INSTANCE_NAME="|ljp2|mac:inst3|lpm_divide:Div3" CBX_FILE_NAME="lpm_divide_jvo.tdf"/>
		<CBX_INST_ENTRY INSTANCE_NAME="|ljp2|mac:inst3|lpm_divide:Mod0" CBX_FILE_NAME="lpm_divide_jno.tdf"/>
		<CBX_INST_ENTRY INSTANCE_NAME="|ljp2|mac:inst3|lpm_divide:Mod2" CBX_FILE_NAME="lpm_divide_jno.tdf"/>
		<CBX_INST_ENTRY INSTANCE_NAME="|ljp2|mac:inst3|lpm_divide:Mod4" CBX_FILE_NAME="lpm_divide_jno.tdf"/>
		<CBX_INST_ENTRY INSTANCE_NAME="|ljp2|mac:inst3|lpm_divide:Div0" CBX_FILE_NAME="lpm_divide_gvo.tdf"/>
		<CBX_INST_ENTRY INSTANCE_NAME="|ljp2|mac:inst3|lpm_divide:Mod3" CBX_FILE_NAME="lpm_divide_jno.tdf"/>
	</PROJECT>
</LOG_ROOT>
